Fold,Val Speaker,Val Accuracy,Val Loss,Train Samples,Val Samples,Speaker Type
1,F01,0.875,1.222428798675537,184,8,Dysarthric
2,F03,0.8947368421052632,0.99008868932724,154,38,Dysarthric
3,F04,0.9,0.8767588436603546,162,30,Dysarthric
4,M01,0.8846153846153846,1.0080343037843704,166,26,Dysarthric
5,M02,0.84,1.0684116892516613,167,25,Dysarthric
6,M03,0.9655172413793104,0.7503596693277359,163,29,Dysarthric
7,M04,0.7037037037037037,1.1874166280031204,165,27,Dysarthric
8,M05,0.8888888888888888,0.8112174272537231,183,9,Dysarthric
